query,value,ciudad
sagrada barcelona,100,Barcelona
familia sagrada barcelona,86,Barcelona
familia sagrada,81,Barcelona
sagrada familia,80,Barcelona
hotel barcelona,41,Barcelona
madrid,31,Barcelona
barcelona spain,24,Barcelona
la sagrada familia barcelona,23,Barcelona
la sagrada familia,23,Barcelona
sitges,21,Barcelona
sitges barcelona,21,Barcelona
barcelona cathedral,19,Barcelona
barcelona beach,19,Barcelona
playas barcelona,18,Barcelona
barcelona vs,18,Barcelona
barcelona things to do,17,Barcelona
things to do in barcelona,14,Barcelona
catedral barcelona,14,Barcelona
tiempo barcelona,13,Barcelona
castelldefels,13,Barcelona
sagrada familia tickets,12,Barcelona
catedral de barcelona,12,Barcelona
tibidabo barcelona,11,Barcelona
tibidabo,11,Barcelona
playas de barcelona,11,Barcelona
aemet madrid,100,Madrid
real madrid,99,Madrid
warner madrid,78,Madrid
hotel madrid,47,Madrid
zoo madrid,23,Madrid
barcelona,23,Madrid
tiempo madrid,21,Madrid
tiempo en madrid,12,Madrid
el tiempo madrid,11,Madrid
zoo de madrid,10,Madrid
incendio madrid,1,Madrid
malaga,100,Málaga
playa de málaga,88,Málaga
hoteles en málaga,25,Málaga
tiempo en málaga,24,Málaga
temperatura en málaga,24,Málaga
sur,13,Málaga
tiempo en sevilla,100,Sevilla
el tiempo sevilla,91,Sevilla
el tiempo en sevilla,68,Sevilla
ayuntamiento sevilla,37,Sevilla
diario de sevilla,33,Sevilla
noticias sevilla,32,Sevilla
abc de sevilla,14,Sevilla
hotel valencia,100,Valencia
tiempo valencia,43,Valencia
tiempo en valencia,23,Valencia
valencia de don juan,10,Valencia
las americas tenerife,100,Tenerife
tenerife flights,63,Tenerife
tenerife holidays,57,Tenerife
costa adeje tenerife,49,Tenerife
costa adeje,48,Tenerife
tenerife weather,47,Tenerife
flights to tenerife,44,Tenerife
tenerife all inclusive,41,Tenerife
gran canaria,39,Tenerife
tenerife south,38,Tenerife
lanzarote,25,Tenerife
tenerife spain,22,Tenerife
tenerife airport,20,Tenerife
holidays to tenerife,19,Tenerife
tui,18,Tenerife
weather in tenerife,18,Tenerife
jet2 tenerife,16,Tenerife
aqualand tenerife,16,Tenerife
los cristianos,16,Tenerife
jet2,16,Tenerife
flight to tenerife,14,Tenerife
siam park,12,Tenerife
siam park tenerife,12,Tenerife
tenerife weather october,4,Tenerife
tenerife weather december,4,Tenerife
las palmas,100,Gran Canaria
gran canaria weather,93,Gran Canaria
riu gran canaria,69,Gran Canaria
playa de palma,100,Palma de Mallorca
palma de mallorca hotel,64,Palma de Mallorca
hotel playa de palma,43,Palma de Mallorca
palma de maiorca,19,Palma de Mallorca
weather palma de mallorca,16,Palma de Mallorca
playas palma de mallorca,11,Palma de Mallorca
playas de palma de mallorca,11,Palma de Mallorca
magaluf,9,Palma de Mallorca
things to do in palma de mallorca,8,Palma de Mallorca
es trenc,6,Palma de Mallorca
palma de mallorca látnivalók,2,Palma de Mallorca
cala figuera,1,Palma de Mallorca
cala comtessa,1,Palma de Mallorca
alhambra,100,Granada
alhambra de granada,55,Granada
almeria,27,Granada
catedral de granada,22,Granada
playa granada,20,Granada
cordoba,18,Granada
sevilla,14,Granada
tiempo granada,13,Granada
entradas alhambra de granada,12,Granada
hotel impressive playa granada,6,Granada
granada fc,3,Granada
